label	taxopath
ref_Bacteroidetes_bacterium_IN_BCD_1_MMP09708795__QQUU01000057.1_00MMP09708795_8_008926_009954_neg_cluster_IV	d__Bacteria;p__Bacteroidota;c__Bacteroidia;o__Flavobacteriales;f__Cryomorphaceae;g__UBA10364
ref_Alphaproteobacteria_bacterium_strain_ULC027bin2_MMP08895980__QBMO01000041.1_0MMP08895980_21_020981_021970_neg_cluster_IV	d__Bacteria;p__Proteobacteria;c__Alphaproteobacteria;o__Caulobacterales;f__Hyphomonadaceae;g__SWB02;s__SWB02 sp003242075
ref_Aestuariivita_atlantica_22II_S11_z3_MMP03323757__NZ_AQQZ01000004.1_342_365564_366586_pos_cluster_IV	d__Bacteria;p__Proteobacteria;c__Alphaproteobacteria;o__Rhodobacterales;f__Rhodobacteraceae;g__Pseudaestuariivita;s__Pseudaestuariivita atlantica
ref_Loktanella_3ANDIMAR09_MMP03988185__NZ_0LJAK01000001.1_19_015785_016789_neg_cluster_IV	d__Bacteria;p__Proteobacteria;c__Alphaproteobacteria;o__Rhodobacterales;f__Rhodobacteraceae;g__Loktanella;s__Loktanella sp001420005
ref_Aurantimonas_sp__22II_16_19i_MMP03097527__AQQS01000016.1_0MMP03097527_66_068050_069072_pos_cluster_IV	d__Bacteria;p__Proteobacteria;c__Alphaproteobacteria;o__Rhizobiales;f__Rhizobiaceae;g__Fulvimarina;s__Fulvimarina sp002088275
ref_Afifella_marina_BN_126_MMP03080610__FMVW01000008.1_032_0033069_0034082_neg_cluster_IV	d__Bacteria;p__Proteobacteria;c__Alphaproteobacteria;o__Rhizobiales;f__Afifellaceae;g__Afifella;s__Afifella marina
ref_Chlorobium_phaeobacteroides_MMP02598272__CP001101.1_0953_1014004_1015122_neg_cluster_IV	d__Bacteria;p__Bacteroidota;c__Chlorobia;o__Chlorobiales;f__Chlorobiaceae;g__Chlorobium_A;s__Chlorobium_A phaeobacteroides
ref_Blastomonas_ARS_3_MMP07618425__NZAM01000008.1_MMP07618425_201_217240_218238_pos_cluster_IV	d__Bacteria;p__Proteobacteria;c__Alphaproteobacteria;o__Sphingomonadales;f__Sphingomonadaceae;g__Blastomonas;s__Blastomonas delafieldii
ref_Ahrensia_R2A130_MMP00010388__NZ_AEEB01000017.1_557_585622_586650_pos_cluster_IV	d__Bacteria;p__Proteobacteria;c__Alphaproteobacteria;o__Rhizobiales;f__Rhizobiaceae;g__R2A130;s__R2A130 sp000179775
ref_Methanohalobium_evestigatum_MMP00015125__CP002069.1_0558_0553270_0554151_neg_cluster_IV	d__Archaea;p__Halobacterota;c__Methanosarcinia;o__Methanosarcinales;f__Methanosarcinaceae;g__Methanohalobium;s__Methanohalobium evestigatum
ref_Methanococcoides_vulcani_strain_SLH33_MMP5522912__NZ_CAAGSJ010000003.1_MMP5522912_279_278371_280566_neg_cluster_IV	d__Archaea;p__Halobacterota;c__Methanosarcinia;o__Methanosarcinales;f__Methanosarcinaceae;g__Methanococcoides;s__Methanococcoides vulcani
ref_Labilibaculum_filiforme_59_16B_MMP06266691__MVDD01000011.1_0MMP06266691_14_015968_018238_pos_cluster_IV	d__Bacteria;p__Bacteroidota;c__Bacteroidia;o__Bacteroidales;f__Marinifilaceae;g__Labilibaculum;s__Labilibaculum filiforme
ref_Methanobacterium_sp_MMP05928840__CP017766.1_0MMP05928840_632_0629790_0630617_pos_cluster_II	d__Archaea;p__Euryarchaeota;c__Methanobacteria;o__Methanobacteriales;f__Methanobacteriaceae;g__Methanobacterium;s__Methanobacterium subterraneum
ref_Paenibacillus_donghaensis_MMP06833332__CP021780.1_MMP06833332_5208_5625196_5626062_neg_cluster_I	d__Bacteria;p__Firmicutes_I;c__Bacilli_A;o__Paenibacillales;f__Paenibacillaceae;g__Paenibacillus;s__Paenibacillus donghaensis
ref_Methanocaldococcus_infernus_MMP00017484__CP002009.1_0053_0048995_0049783_pos_cluster_IV	d__Archaea;p__Euryarchaeota;c__Methanococci;o__Methanococcales;f__Methanocaldococcaceae;g__Methanocaldococcus_A;s__Methanocaldococcus_A infernus
ref_Rhodobacter_azotoformans_YLK20_MMP08097991__NZ_00PHSI01000053.1_MMP08097991_8_010760_011686_neg_cluster_IV	d__Bacteria;p__Proteobacteria;c__Alphaproteobacteria;o__Rhodobacterales;f__Rhodobacteraceae;g__Rhodobacter_A;s__Rhodobacter_A azotoformans
ref_OceanDNA_b21001__267_05_08017_08901_pos_cluster_IV	d__Bacteria;p__Myxococcota;c__UBA9042;o__UBA9042;f__UBA9042;g__UBA9042;s__
ref_Geitlerinema_BBD_1991_9_MMP04892670__LWRO01000008.1_070_098447_099319_pos_cluster_I	d__Bacteria;p__Cyanobacteria;c__Cyanobacteriia;o__Cyanobacteriales;f__Geitlerinemaceae;g__Geitlerinema;s__Geitlerinema sp001657325
ref_Gammaproteobacteria_bacterium_UBA3067_MMP06450394__DFBZ01000118.1_088_084298_085173_pos_cluster_I	d__Bacteria;p__Proteobacteria;c__Gammaproteobacteria;o__Pseudomonadales;f__UBA3067;g__UBA3067;s__UBA3067 sp002366835
ref_OceanDNA_b40974__535_01_00003_00692_pos_cluster_I	d__Bacteria;p__Proteobacteria;c__Gammaproteobacteria;o__Pseudomonadales;f__Pseudomonadaceae;g__Pseudomonas_A;s__Pseudomonas_A stutzeri
ref_Methanococcus_maripaludis_MMP02598423__CP000867.1_1826_1694838_1695665_neg_cluster_II	d__Archaea;p__Euryarchaeota;c__Methanococci;o__Methanococcales;f__Methanococcaceae;g__Methanococcus;s__Methanococcus maripaludis_C
ref_Enhygromyxa_salina_strain_SWB007_MMP08580376__PVNL01000142.1_0MMP08580376_29_032891_034015_neg_cluster_IV	d__Bacteria;p__Myxococcota;c__Polyangia;o__Nannocystales;f__Nannocystaceae;g__Enhygromyxa;s__Enhygromyxa salina_B
ref_Methanohalophilus_RSK_MMP10345422__NZ_RDSK01000009.1_MMP10345422_207_198968_199765_pos_cluster_IV	d__Archaea;p__Halobacterota;c__Methanosarcinia;o__Methanosarcinales;f__Methanosarcinaceae;g__Methanohalophilus
ref_Methanotorris_formicicus_JCM_11930T_MMP02261372__AGJL01000035.1_12_11924_12796_pos_cluster_IV	d__Archaea;p__Euryarchaeota;c__Methanococci;o__Methanococcales;f__Methanococcaceae;g__Methanotorris;s__Methanotorris formicicus
ref_TARA_SAMEA2619970_METAG_JOMOCMFK__148_01_00193_01959_pos_cluster_IV	d__Bacteria;p__Nitrospinota;c__2-12-FULL-45-22;o__2-12-FULL-45-22;f__;g__;s__
ref_Desulfotignum_balticum_SAX_MMP02440581__NZ_ATWO01000001.1_3710_4010799_4011692_pos_cluster_III	d__Bacteria;p__Desulfobacterota;c__Desulfobacteria;o__Desulfobacterales;f__Desulfobacteraceae;g__Desulfotignum;s__Desulfotignum balticum
ref_Bacteroidales_bacterium_UBA5342_MMP06454386__DHQI01000129.1_010_016822_017646_pos_cluster_III	d__Bacteria;p__Bacteroidota;c__Bacteroidia;o__Bacteroidales;f__UBA5342;g__UBA5342;s__UBA5342 sp002408065
ref_Ancylomarina_sp__A4_MMP09721042__QTZN01000004.1_MMP09721042_286_375050_375931_pos_cluster_III	d__Bacteria;p__Bacteroidota;c__Bacteroidia;o__Bacteroidales;f__Marinifilaceae;g__Labilibaculum
ref_Sulfurimonas_sp__strain_BM502_MMP07982697__PPDH01000028.1_MMP07982697_227_199728_200633_neg_cluster_I	d__Bacteria;p__Campylobacterota;c__Campylobacteria;o__Campylobacterales;f__Sulfurimonadaceae;g__Sulfurimonas;s__Sulfurimonas sp002899765
ref_ANME_1_cluster_archaeon_CONS3730B06UFb1_MMP08574241__QENH01000197.1_MMP08574241_58_55534_56436_pos_cluster_IV	d__Archaea;p__Halobacterota;c__Syntrophoarchaeia;o__ANME-1;f__ANME-1
ref_Clostridioides_difficile_strain_CD105HS27_MMP4071729__FRET01000001.1_0MMP4071729_814_0902232_0902981_neg_cluster_IV	d__Bacteria;p__Firmicutes_A;c__Clostridia;o__Peptostreptococcales;f__Peptostreptococcaceae;g__Clostridioides;s__Clostridioides difficile
ref_Chloroherpeton_thalassium_MMP02598461__CP001100.1_1869_2166146_2166970_pos_cluster_II	d__Bacteria;p__Bacteroidota;c__Chlorobia;o__Chlorobiales;f__Chloroherpetonaceae;g__Chloroherpeton;s__Chloroherpeton thalassium
ref_Clostridium_beijerinckii_strain_WB_MMP08107721__NZ_0PIQP01000020.1_MMP08107721_30_029706_030527_neg_cluster_III	d__Bacteria;p__Firmicutes_A;c__Clostridia;o__Clostridiales;f__Clostridiaceae;g__Clostridium;s__Clostridium beijerinckii
ref_Pelobacter_carbinolicus_MMP02598295__CP000142.2_2166_2447668_2448546_pos_cluster_I	d__Bacteria;p__Desulfuromonadota;c__Desulfuromonadia;o__Desulfuromonadales;f__Pelobacteraceae_A;g__Pelobacter_A;s__Pelobacter_A carbinolicus
ref_Desulfospira_joergensenii_B331_MMP02440566__NZ_ATUG01000002.1_1628_1883900_1884724_neg_cluster_III	d__Bacteria;p__Desulfobacterota;c__Desulfobacteria;o__Desulfobacterales;f__Desulfobacteraceae;g__Desulfospira;s__Desulfospira joergensenii
ref_Clostridium_caminithermale_DViRD3_MMP02745912__NZ_0FRAG01000021.1_13_010267_011025_neg_cluster_IV	d__Bacteria;p__Firmicutes_A;c__Clostridia;o__Peptostreptococcales;f__Caminicellaceae;g__Paramaledivibacter;s__Paramaledivibacter caminithermalis
ref_bacterium_BMS3Abin12_MMP00081372__BDTE01000067.1_00MMP00081372_3_001555_002448_pos_cluster_I	d__Bacteria;p__Proteobacteria;c__Gammaproteobacteria;o__21-64-14;f__21-64-14;g__BMS3Abin12;s__BMS3Abin12 sp002897735
ref_Methanosarcina_mazei_1_H_M_2_1_MMP02708980__JJQU01000021.1_06_11314_12243_neg_cluster_IV	d__Archaea;p__Halobacterota;c__Methanosarcinia;o__Methanosarcinales;f__Methanosarcinaceae;g__Methanosarcina;s__Methanosarcina mazei
ref_Methylovulum_miyakonense_HT12_MMP02261317__NZ_KB913025.1_1521_1550138_1551019_neg_cluster_I	d__Bacteria;p__Proteobacteria;c__Gammaproteobacteria;o__Methylococcales;f__Methylomonadaceae;g__Methylovulum;s__Methylovulum miyakonense
ref_Methanoculleus_taiwanensis_strain_CYW4_MMP03856099__LHQS01000001.1_0MMP03856099_817_0804549_0805379_neg_cluster_IV	d__Archaea;p__Halobacterota;c__Methanomicrobia;o__Methanomicrobiales;f__Methanocullaceae;g__UBA206
ref_Methanosarcina_acetivorans_MMP03081414__AE010299.1_4100_4789281_4790102_pos_cluster_III	d__Archaea;p__Halobacterota;c__Methanosarcinia;o__Methanosarcinales;f__Methanosarcinaceae;g__Methanosarcina;s__Methanosarcina acetivorans
ref_Rhodovulum_robiginosum_strain_DSM_12329_MMP10523751__RWGU01000040.1_0MMP10523751_19_016365_017249_neg_cluster_I	d__Bacteria;p__Proteobacteria;c__Alphaproteobacteria;o__Rhodobacterales;f__Rhodobacteraceae;g__Rhodovulum
ref_Magnetovibrio_blakemorei_MV_1_MMP05467120__NZ_0MCGG01000036.1_73_077784_078683_pos_cluster_I	d__Bacteria;p__Proteobacteria;c__Alphaproteobacteria;o__Rhodospirillales_A;f__Magnetovibrionaceae;g__Magnetovibrio;s__Magnetovibrio blakemorei
ref_Vibrio_mangrovi_CECT_7927_MMP103894552__FXXI01000001.1_0MMP103894552_400_0471812_0472696_pos_cluster_I	d__Bacteria;p__Proteobacteria;c__Gammaproteobacteria;o__Enterobacterales;f__Vibrionaceae;g__Vibrio;s__Vibrio mangrovi
ref_Magnetococcus_marinus_MMP02598452__CP000471.1_1246_1497890_1498780_neg_cluster_I	d__Bacteria;p__Proteobacteria;c__Magnetococcia;o__Magnetococcales;f__Magnetococcaceae;g__Magnetococcus;s__Magnetococcus marinus
ref_Calderihabitans_maritimus_KKC1_MMP00053944__BDGJ01000179.1_00MMP00053944_3_001736_002563_pos_cluster_II	d__Bacteria;p__Firmicutes_B;c__Moorellia;o__Calderihabitantales;f__Calderihabitantaceae;g__Calderihabitans;s__Calderihabitans maritimus
ref_bacterium_BMS3Abin13_MMP00081373__BDTF01000103.1_MMP00081373_37_39629_40453_neg_cluster_III	d__Bacteria;p__Desulfobacterota;c__Desulfobulbia;o__Desulfobulbales;f__Desulfobulbaceae;g__BMS3Abin13;s__BMS3Abin13 sp002897615
ref_ANME_1_cluster_archaeon_CONS3730B06UFb1_MMP08574241__QENH01000146.1_MMP08574241_17_11820_12641_pos_cluster_IV	d__Archaea;p__Halobacterota;c__Syntrophoarchaeia;o__ANME-1;f__ANME-1
ref_Deltaproteobacteria_bacterium_strain_E20SeepSRB2_MMP08435001__PQXE01000038.1_0MMP08435001_17_014038_014862_pos_cluster_III	d__Bacteria;p__Desulfobacterota;c__Dissulfuribacteria;o__Dissulfuribacterales;f__UBA3076;g__UBA3076;s__UBA3076 sp003194495
ref_Spirochaetes_bacterium_strain_SZUA_423_MMP09287971__QKCL01000069.1_014_013898_014722_pos_cluster_III	d__Bacteria;p__Spirochaetota;c__UBA4802;o__UBA4802;f__UBA5550;g__SZUA-423;s__SZUA-423 sp003246895
ref_Spirochaeta_cellobiosiphila_SIP_1_MMP02441512__NZ_AUFW01000017.1_143_140060_140878_neg_cluster_III	d__Bacteria;p__Spirochaetota;c__Spirochaetia;o__Spirochaetales;f__Spirochaetaceae_B;g__Spirochaeta_E;s__Spirochaeta_E cellobiosiphila
ref_Desulfatibacillum_aliphaticivorans_CV2803_MMP02441551__NZ_AUCT01000001.1_186_245001_245825_neg_cluster_III	d__Bacteria;p__Desulfobacterota;c__Desulfobacteria;o__Desulfobacterales;f__Desulfatibacillaceae;g__Desulfatibacillum;s__Desulfatibacillum aliphaticivorans
ref_Paenibacillus_durus_MMP03010338__CP009288.1_2261_2665496_2666323_pos_cluster_II	d__Bacteria;p__Firmicutes_I;c__Bacilli_A;o__Paenibacillales;f__Paenibacillaceae;g__Paenibacillus;s__Paenibacillus durus
ref_Desulfacinum_infernum_DSM_9756_MMP02745206__NZ_00FQVB01000048.1_6_004820_005644_pos_cluster_III	d__Bacteria;p__Desulfobacterota;c__Syntrophobacteria;o__Syntrophobacterales;f__Syntrophobacteraceae;g__Desulfacinum;s__Desulfacinum infernum
ref_Geitlerinema_BBD_1991_9_MMP04892670__LWRO01000015.1_117_130376_131260_pos_cluster_I	d__Bacteria;p__Cyanobacteria;c__Cyanobacteriia;o__Cyanobacteriales;f__Geitlerinemaceae;g__Geitlerinema;s__Geitlerinema sp001657325
ref_Verrucomicrobia_bacterium_DG1235_MMP02436317__NZ_DS990592.1_4263_5277521_5278450_neg_cluster_III	d__Bacteria;p__Verrucomicrobiota;c__Verrucomicrobiae;o__Opitutales;f__Opitutaceae;g__DG1235;s__DG1235 sp000155695
ref_Thiorhodovibrio_970_MMP02261404__JH603170.1_0743_0773006_0773893_pos_cluster_I	d__Bacteria;p__Proteobacteria;c__Gammaproteobacteria;o__Chromatiales;f__Chromatiaceae;g__Thiorhodovibrio;s__Thiorhodovibrio sp000228725
ref_Candidatus_Syntrophoarchaeum_WYZ_LMO15_MMP08103062__PIXX01000099.1_MMP08103062_37_30236_31117_neg_cluster_IV	d__Archaea;p__Halobacterota;c__Syntrophoarchaeia;o__Syntrophoarchaeales;f__Syntrophoarchaeaceae;g__Syntrophoarchaeum_A;s__Syntrophoarchaeum_A butanivorans
ref_Methanococcus_aeolicus_MMP00623051__CP000743.1_0513_0526772_0527644_neg_cluster_IV	d__Archaea;p__Euryarchaeota;c__Methanococci;o__Methanococcales;f__Methanococcaceae;g__Methanothermococcus_A;s__Methanothermococcus_A aeolicus
ref_Desulfobacterales_C00003104_MMP05263723__MANV01000104.1_12_10798_11622_neg_cluster_III	d__Bacteria;p__Desulfobacterota;c__Desulfobacteria;o__C00003060;f__C00003106;g__C00003106;s__C00003106 sp001751015
ref_archaeon_BMS3Bbin15_MMP00081392__BDTY01000116.1_0MMP00081392_7_05892_06713_pos_cluster_IV	d__Archaea;p__Hydrothermarchaeota;c__Hydrothermarchaeia;o__Hydrothermarchaeales;f__BMS3B;g__BMS3B;s__BMS3B sp002897955
ref_Proteobacteria_bacterium_UBA5335_MMP06453064__DHQP01000005.1_157_160086_160964_pos_cluster_I	d__Bacteria;p__Proteobacteria;c__Gammaproteobacteria;o__UBA5335;f__UBA5335;g__UBA5335;s__UBA5335 sp002410145
ref_ANME_1_cluster_archaeon_CONS3730B06UFb1_MMP08574241__QENH01000192.1_MMP08574241_26_25994_26887_neg_cluster_IV	d__Archaea;p__Halobacterota;c__Syntrophoarchaeia;o__ANME-1;f__ANME-1
ref_Methanococcus_aeolicus_MMP00623051__CP000743.1_1238_1292304_1293140_neg_cluster_IV	d__Archaea;p__Euryarchaeota;c__Methanococci;o__Methanococcales;f__Methanococcaceae;g__Methanothermococcus_A;s__Methanothermococcus_A aeolicus
ref_Lutibacter_agarilyticus_KYW566_MMP06265371__FZNT01000008.1_MMP06265371_161_195005_195829_pos_cluster_III	d__Bacteria;p__Bacteroidota;c__Bacteroidia;o__Flavobacteriales;f__Flavobacteriaceae;g__Lutibacter;s__Lutibacter agarilyticus
ref_Desulfovibrio_inopinatus_HHQ_20_MMP02441548__NZ_AUBP01000007.1_118_146208_147032_neg_cluster_III	d__Bacteria;p__Desulfobacterota_A;c__Desulfovibrionia;o__Desulfovibrionales;f__Desulfovibrionaceae;g__Desulfovibrio_M;s__Desulfovibrio_M inopinatus
ref_Ilyobacter_polytropus_MMP00116458__CP002281.1_1424_1525367_1526206_neg_cluster_III	d__Bacteria;p__Fusobacteriota;c__Fusobacteriia;o__Fusobacteriales;f__Fusobacteriaceae;g__Ilyobacter;s__Ilyobacter polytropus
ref_Candidatus_Syntrophoarchaeum_caldarius_BOX2_MMP04880560__LYOS01000002.1_211_197714_198571_pos_cluster_III	d__Archaea;p__Halobacterota;c__Syntrophoarchaeia;o__Syntrophoarchaeales;f__Syntrophoarchaeaceae;g__Syntrophoarchaeum;s__Syntrophoarchaeum caldarius
ref_Spirochaetales_bacterium_strain_SZUA_416_MMP09287964__QKCE01000036.1_13_12991_13815_neg_cluster_III	d__Bacteria;p__Spirochaetota;c__Spirochaetia;o__Treponematales;f__Treponemataceae;g__Spiro-10;s__Spiro-10 sp003245785
ref_Desulfovibrio_africanus_MMP00713616__CP003221.1_0762_0826990_0827814_pos_cluster_III	d__Bacteria;p__Desulfobacterota_A;c__Desulfovibrionia;o__Desulfovibrionales;f__Desulfovibrionaceae;g__Desulfocurvibacter;s__Desulfocurvibacter africanus
ref_Desulfosarcina_BuS5_MMP02441126__NZ_00000KI421466.1_24_019386_021602_pos_cluster_I	d__Bacteria;p__Desulfobacterota;c__Desulfobacteria;o__Desulfobacterales;f__BuS5;g__BuS5;s__BuS5 sp000472805
ref_Uncultured_Desulfofustis_PBSRB1_MMP02303578__AVFQ01000303.1_04_03482_04309_pos_cluster_III	d__Bacteria;p__Desulfobacterota;c__Desulfobulbia;o__Desulfobulbales;f__Desulfocapsaceae;g__PB-SRB1;s__PB-SRB1 sp003500125
ref_Lebetimonas_JH292_MMP02203749__NZ_00ATHQ01000001.1_74_0070472_0071221_neg_cluster_IV	d__Bacteria;p__Campylobacterota;c__Campylobacteria;o__Nautiliales;f__Nautiliaceae;g__Lebetimonas;s__Lebetimonas sp000523275
ref_Phycisphaerales_bacterium_UBA7800_MMP06457154__DLCK01000088.1_022_024655_025488_neg_cluster_III	d__Bacteria;p__Planctomycetota;c__Phycisphaerae;o__Phycisphaerales;f__Phycisphaeraceae;g__UBA7800;s__UBA7800 sp002480565
ref_Methanococcoides_methylutens_MMP03074571__NZ_CP009518.1_1605_1661217_1662011_pos_cluster_IV	d__Archaea;p__Halobacterota;c__Methanosarcinia;o__Methanosarcinales;f__Methanosarcinaceae;g__Methanococcoides;s__Methanococcoides methylutens_A
ref_Methanoculleus_taiwanensis_strain_CYW4_MMP03856099__LHQS01000002.1_0MMP03856099_293_0284468_0285289_pos_cluster_III	d__Archaea;p__Halobacterota;c__Methanomicrobia;o__Methanomicrobiales;f__Methanocullaceae;g__UBA206
ref_Archaeoglobales_archaeon_B5_G16_MMP09214939__QMZC01000041.1_0MMP09214939_6_04728_05456_pos_cluster_IV	d__Archaea;p__Halobacterota;c__Archaeoglobi;o__Archaeoglobales;f__Archaeoglobaceae
ref_bacterium_BMS3Abin11_MMP00081371__BDTD01000018.1_0MMP00081371_18_013623_014513_pos_cluster_I	d__Bacteria;p__Proteobacteria;c__Gammaproteobacteria;o__UBA10353;f__BMS3Bbin11;g__BMS3Bbin11;s__BMS3Bbin11 sp002897635
ref_OceanDNA_b3572__041_014_012808_013632_neg_cluster_III	d__Bacteria;p__Bacteroidota;c__Bacteroidia;o__Bacteroidales;f__Prolixibacteraceae;g__Sunxiuqinia;s__
ref_Thermoanaerobacterium_saccharolyticum_NTOU1_MMP00018622__NZ_0BBKT01000028.1_10_007883_008701_neg_cluster_III	d__Bacteria;p__Firmicutes_A;c__Thermoanaerobacteria;o__Thermoanaerobacterales;f__Thermoanaerobacteraceae;g__Thermoanaerobacterium;s__Thermoanaerobacterium saccharolyticum_A
ref_Deferrisoma_camini_S3R1_MMP02584914__NZ_JAFN01000001.1_2219_2542481_2543305_neg_cluster_III	d__Bacteria;p__Deferrisomatota;c__Defferisomatia;o__Defferisomatales;f__Defferisomataceae;g__Deferrisoma;s__Deferrisoma camini
ref_Methanothermococcus_okinawensis_MMP00100784__CP002792.1_0828_0825972_0826814_pos_cluster_IV	d__Archaea;p__Euryarchaeota;c__Methanococci;o__Methanococcales;f__Methanococcaceae;g__Methanothermococcus_A;s__Methanothermococcus_A okinawensis
ref_Methanospirillum_lacunae_strain_Ki8_1_MMP09236929__QGMY01000002.1_MMP09236929_550_585021_585848_pos_cluster_III	d__Archaea;p__Halobacterota;c__Methanomicrobia;o__Methanomicrobiales;f__Methanospirillaceae;g__Methanospirillum;s__Methanospirillum lacunae
ref_Clostridium_botulinum_Walls_8G_MMP03779992__NZ_LFPF01000007.1_138_156891_157640_neg_cluster_IV	d__Bacteria;p__Firmicutes_A;c__Clostridia;o__Clostridiales;f__Clostridiaceae;g__Clostridium_F;s__Clostridium_F botulinum
ref_Dissulfuribacter_thermophilus_S69_MMP05251087__NZ_0MAGO01000009.1_83_090094_090918_pos_cluster_III	d__Bacteria;p__Desulfobacterota;c__Dissulfuribacteria;o__Dissulfuribacterales;f__Dissulfuribacteraceae;g__Dissulfuribacter;s__Dissulfuribacter thermophilus
ref_OceanDNA_b16152__0080_07_05424_06302_neg_cluster_I	d__Bacteria;p__Cyanobacteria;c__Cyanobacteriia;o__Cyanobacteriales;f__Xenococcaceae;g__Xenococcus;s__
ref_OceanDNA_b16046__0137_07_06875_07753_pos_cluster_I	d__Bacteria;p__Cyanobacteria;c__Cyanobacteriia;o__Cyanobacteriales;f__Geitlerinemaceae;g__J055;s__
ref_Paenibacillus_durus_MMP03010338__CP009288.1_4522_5128808_5129674_neg_cluster_IV	d__Bacteria;p__Firmicutes_I;c__Bacilli_A;o__Paenibacillales;f__Paenibacillaceae;g__Paenibacillus;s__Paenibacillus durus
ref_Methanomicrobiaceae_archaeon_UBA206_MMP06027567__DAQY01000047.1_04_03715_04533_pos_cluster_IV	d__Archaea;p__Halobacterota;c__Methanomicrobia;o__Methanomicrobiales;f__Methanocullaceae;g__UBA206;s__UBA206 sp002503105
ref_Rhodopseudomonas_palustris_BAL398_MMP03072170__NZ_0JXXE01000460.1_1_00534_01430_pos_cluster_I	d__Bacteria;p__Proteobacteria;c__Alphaproteobacteria;o__Rhizobiales;f__Xanthobacteraceae;g__Rhodopseudomonas;s__Rhodopseudomonas palustris_E
ref_bacterium_BMS3Abin10_MMP00081370__BDTC01000011.1_0MMP00081370_11_011212_012036_neg_cluster_III	d__Bacteria;p__Nitrospirota;c__Thermodesulfovibrionia;o__UBA6902;f__UBA6902;g__BMS3Bbin08;s__BMS3Bbin08 sp002897775
ref_Desulfovibrio_X2_MMP02207452__NZ_0ATHV01000020.1_10_010166_010990_neg_cluster_III	d__Bacteria;p__Desulfobacterota_A;c__Desulfovibrionia;o__Desulfovibrionales;f__Desulfovibrionaceae;g__Desulfohalovibrio;s__Desulfohalovibrio sp000422205
ref_Chromatiales_bacterium_strain_SZUA_493_MMP09288041__QKFD01000024.1_189_207481_208260_neg_cluster_I	d__Bacteria;p__Proteobacteria;c__Gammaproteobacteria;o__Thiohalomonadales;f__Thiohalomonadaceae;g__SZUA-493;s__SZUA-493 sp003251535
ref_Mangrovibacterium_marinum_strain_DSM_28823_MMP08778574__QAAD01000014.1_0MMP08778574_51_074841_075797_pos_cluster_III	d__Bacteria;p__Bacteroidota;c__Bacteroidia;o__Bacteroidales;f__Prolixibacteraceae;g__Mangrovibacterium;s__Mangrovibacterium marinum
ref_Methanolobus_vulcani_PL_12_M_MMP04488589__FNCA01000003.1_233_234386_235207_pos_cluster_III	d__Archaea;p__Halobacterota;c__Methanosarcinia;o__Methanosarcinales;f__Methanosarcinaceae;g__Methanolobus;s__Methanolobus vulcani
ref_Cohaesibacter_sp_MMP04515647__LT907844.1_MMP04515647_3192_3477542_3478426_pos_cluster_I	d__Bacteria;p__Proteobacteria;c__Alphaproteobacteria;o__Rhizobiales;f__Cohaesibacteraceae;g__Cohaesibacter;s__Cohaesibacter sp900215505
ref_Clostridium_diolis_strain_WST_MMP08493996__PRKY01000015.1_0MMP08493996_40_046456_047310_neg_cluster_III	d__Bacteria;p__Firmicutes_A;c__Clostridia;o__Clostridiales;f__Clostridiaceae;g__Clostridium;s__Clostridium beijerinckii
ref_Desulfobacterium_autotrophicum_MMP02603282__CP001087.1_0873_0996994_0999234_pos_cluster_IV	d__Bacteria;p__Desulfobacterota;c__Desulfobacteria;o__Desulfobacterales;f__Desulfobacteraceae;g__Desulfobacterium_B;s__Desulfobacterium_B autotrophicum
ref_OceanDNA_b20931__0237_01_00003_00683_neg_cluster_IV	d__Bacteria;p__Myxococcota;c__UBA9042;o__PWKZ01;f__;g__;s__
ref_Verrucomicrobia_bacterium_UBA6053_MMP06455374__DIYN01000019.1_087_112261_113124_pos_cluster_III	d__Bacteria;p__Verrucomicrobiota;c__Kiritimatiellae;o__SS1-B-03-39;f__UBA6053;g__UBA6053;s__UBA6053 sp002429065
ref_Coraliomargarita_akajimensis_MMP02598501__CP001998.1_2849_3449113_3449943_neg_cluster_III	d__Bacteria;p__Verrucomicrobiota;c__Verrucomicrobiae;o__Opitutales;f__Puniceicoccaceae;g__Coraliomargarita;s__Coraliomargarita akajimensis
ref_Defluviitalea_phaphyphila_Alg1_MMP03165200__NZ_JWID01000003.1_205_206895_207719_neg_cluster_II	d__Bacteria;p__Firmicutes_A;c__Clostridia;o__Lachnospirales;f__Defluviitaleaceae;g__Defluviitalea;s__Defluviitalea phaphyphila
ref_Rhodobacter_aestuarii_DSM_19945_MMP05421580__NZ_FTOG01000008.1_MMP05421580_109_115158_116045_pos_cluster_I	d__Bacteria;p__Proteobacteria;c__Alphaproteobacteria;o__Rhodobacterales;f__Rhodobacteraceae;g__Rhodobacter;s__Rhodobacter aestuarii
ref_OceanDNA_b42830__008_16_11138_12028_neg_cluster_I	d__Bacteria;p__Proteobacteria;c__Gammaproteobacteria;o__Thiohalomonadales_A;f__RBG-16-57-12;g__;s__
ref_Mangrovibacter_MFB070_MMP02719562__NZ_JJMI01000025.1_332_333301_334128_neg_cluster_II	d__Bacteria;p__Proteobacteria;c__Gammaproteobacteria;o__Enterobacterales;f__Enterobacteriaceae;g__Mangrovibacter;s__Mangrovibacter plantisponsor
ref_Magnetofaba_australis_IT_1_MMP04574817__LVJN01000019.1_00MMP04574817_95_0098648_0099529_pos_cluster_I	d__Bacteria;p__Proteobacteria;c__Magnetococcia;o__Magnetococcales;f__Magnetococcaceae;g__Magnetofaba;s__Magnetofaba australis
ref_OceanDNA_b35228__012_028_024201_025091_neg_cluster_I	d__Bacteria;p__Proteobacteria;c__Gammaproteobacteria;o__Enterobacterales;f__Psychromonadaceae;g__Psychromonas;s__
ref_OceanDNA_b26754__080_017_009061_009948_pos_cluster_I	d__Bacteria;p__Proteobacteria;c__Alphaproteobacteria;o__Rhizobiales;f__Methyloligellaceae;g__Methyloceanibacter;s__
ref_Methanosarcina_sp_MMP03074591__NZ_0CP009505.1_938_1085776_1086573_neg_cluster_IV	d__Archaea;p__Halobacterota;c__Methanosarcinia;o__Methanosarcinales;f__Methanosarcinaceae;g__MTP4;s__MTP4 sp000970045
ref_Chlorobium_phaeobacteroides_MMP02598272__CP001101.1_1780_1893747_1894640_pos_cluster_III	d__Bacteria;p__Bacteroidota;c__Chlorobia;o__Chlorobiales;f__Chlorobiaceae;g__Chlorobium_A;s__Chlorobium_A phaeobacteroides
ref_Malonomonas_rubra_strain_SZUA_375_MMP09287923__QKAP01000041.1_005_004627_005508_pos_cluster_I	d__Bacteria;p__Desulfuromonadota;c__Desulfuromonadia;o__Desulfuromonadales;f__Geopsychrobacteraceae;g__Malonomonas;s__Malonomonas rubra_A
ref_Anabaena_PCC_7108_MMP02261341__NZ_KB235896.1_4764_5418428_5419327_pos_cluster_I	d__Bacteria;p__Cyanobacteria;c__Cyanobacteriia;o__Cyanobacteriales;f__Nostocaceae;g__Anabaena;s__Anabaena sp000332135
ref_OceanDNA_b20998__0301_02_01090_01941_neg_cluster_IV	d__Bacteria;p__Myxococcota;c__UBA9042;o__UBA9042;f__UBA9042;g__;s__
ref_OceanDNA_b45389__019_06_04189_05010_neg_cluster_III	d__Bacteria;p__Verrucomicrobiota;c__Lentisphaeria;o__Victivallales;f__Victivallaceae;g__;s__
ref_Desulfuromusa_kysingii_Kysw2_MMP05660420__FNQN01000010.1_114_132114_132995_neg_cluster_I	d__Bacteria;p__Desulfuromonadota;c__Desulfuromonadia;o__Desulfuromonadales;f__Geopsychrobacteraceae;g__Desulfuromusa;s__Desulfuromusa kysingii
ref_Methylomonas_methanica_MMP00713628__CP002738.1_1471_1601392_1602276_pos_cluster_I	d__Bacteria;p__Proteobacteria;c__Gammaproteobacteria;o__Methylococcales;f__Methylomonadaceae;g__Methylomonas;s__Methylomonas methanica_B
ref_OceanDNA_b34120__221_04_02508_03410_pos_cluster_I	d__Bacteria;p__Proteobacteria;c__Gammaproteobacteria;o__Burkholderiales;f__Rhodocyclaceae;g__Azoarcus_C;s__Azoarcus_C communis_A
ref_Desulfocapsa_sulfexigens_MMP02602964__CP003985.1_0328_0396038_0396868_pos_cluster_III	d__Bacteria;p__Desulfobacterota;c__Desulfobulbia;o__Desulfobulbales;f__Desulfocapsaceae;g__Desulfocapsa;s__Desulfocapsa sulfexigens
ref_bacterium_strain_SZUA_421_MMP09287969__QKCJ01000049.1_162_192284_193111_pos_cluster_III	d__Bacteria;p__Planctomycetota;c__SZUA-567;o__SZUA-567;f__SZUA-567;g__SZUA-421;s__SZUA-421 sp003245715
ref_ANME_1_cluster_archaeon_CONS3730B06UFb1_MMP08574241__QENH01000192.1_0MMP08574241_8_06644_07546_neg_cluster_IV	d__Archaea;p__Halobacterota;c__Syntrophoarchaeia;o__ANME-1;f__ANME-1
ref_Desulfovibrio_dechloracetivorans_BerOc1_MMP04041570__NZ_LKAQ01000004.1_2355_2584072_2584899_neg_cluster_II	d__Bacteria;p__Desulfobacterota_A;c__Desulfovibrionia;o__Desulfovibrionales;f__Desulfovibrionaceae;g__Pseudodesulfovibrio;s__Pseudodesulfovibrio dechloracetivorans
ref_Methanotorris_igneus_MMP00713627__CP002737.1_1438_1449136_1450008_pos_cluster_IV	d__Archaea;p__Euryarchaeota;c__Methanococci;o__Methanococcales;f__Methanococcaceae;g__Methanotorris;s__Methanotorris igneus
ref_OceanDNA_b16050__1_043_053889_054758_pos_cluster_I	d__Bacteria;p__Cyanobacteria;c__Cyanobacteriia;o__Cyanobacteriales;f__Microcystaceae;g__Atelocyanobacterium;s__Atelocyanobacterium thalassa_A
ref_Desulfovibrio_fructosovorans_JJ_MMP00103625__NZ_0AECZ01000009.1_12_012358_013104_neg_cluster_III	d__Bacteria;p__Desulfobacterota_A;c__Desulfovibrionia;o__Desulfovibrionales;f__Desulfovibrionaceae;g__Desulfovibrio_F;s__Desulfovibrio_F fructosivorans
ref_Methanocaldococcus_fervens_MMP02598490__CP001696.1_1160_1068961_1069800_pos_cluster_IV	d__Archaea;p__Euryarchaeota;c__Methanococci;o__Methanococcales;f__Methanocaldococcaceae;g__Methanocaldococcus;s__Methanocaldococcus fervens
ref_Methanoplanus_petrolearius_MMP00017400__CP002117.1_2229_2246002_2248302_pos_cluster_IV	d__Archaea;p__Halobacterota;c__Methanomicrobia;o__Methanomicrobiales;f__Methanomicrobiaceae;g__Methanolacinia;s__Methanolacinia petrolearia
ref_Desulfovibrio_fructosovorans_JJ_MMP00103625__NZ_00AECZ01000006.1_4_002452_003276_pos_cluster_III	d__Bacteria;p__Desulfobacterota_A;c__Desulfovibrionia;o__Desulfovibrionales;f__Desulfovibrionaceae;g__Desulfovibrio_F;s__Desulfovibrio_F fructosivorans
ref_OceanDNA_b21000__1309_02_00288_01136_neg_cluster_IV	d__Bacteria;p__Myxococcota;c__UBA9042;o__UBA9042;f__UBA9042;g__SXNM01;s__
ref_Paenibacillus_durus_MMP03010338__CP009288.1_2561_2980733_2981611_pos_cluster_IV	d__Bacteria;p__Firmicutes_I;c__Bacilli_A;o__Paenibacillales;f__Paenibacillaceae;g__Paenibacillus;s__Paenibacillus durus
ref_Crocosphaera_watsonii_WH_8501_MMP02441415__NZ_0AADV02000024.1_15_013563_014453_pos_cluster_I	d__Bacteria;p__Cyanobacteria;c__Cyanobacteriia;o__Cyanobacteriales;f__Microcystaceae;g__Crocosphaera;s__Crocosphaera watsonii
ref_Lyngbya_aestuarii_BL_J_MMP02469313__AUZM01000010.1_063_071771_072673_neg_cluster_I	d__Bacteria;p__Cyanobacteria;c__Cyanobacteriia;o__Cyanobacteriales;f__Phormidiaceae;g__Lyngbya;s__Lyngbya aestuarii
ref_Methanospirillum_lacunae_strain_Ki8_1_MMP09236929__QGMY01000002.1_MMP09236929_362_400219_401058_neg_cluster_IV	d__Archaea;p__Halobacterota;c__Methanomicrobia;o__Methanomicrobiales;f__Methanospirillaceae;g__Methanospirillum;s__Methanospirillum lacunae
ref_Afifella_marina_BN_126_MMP03080610__FMVW01000002.1_552_0584494_0585393_pos_cluster_I	d__Bacteria;p__Proteobacteria;c__Alphaproteobacteria;o__Rhizobiales;f__Afifellaceae;g__Afifella;s__Afifella marina
ref_Marinobacter_ES1_MMP02345631__NZ_0AXBV01000086.1_37_030116_030997_neg_cluster_I	d__Bacteria;p__Proteobacteria;c__Gammaproteobacteria;o__Pseudomonadales;f__Oleiphilaceae;g__Marinobacter;s__Marinobacter vinifirmus
ref_Methanocaldococcus_villosus_DSM_22612_MMP02261307__AQUK01000001.1_0647_0569019_0569843_neg_cluster_IV	d__Archaea;p__Euryarchaeota;c__Methanococci;o__Methanococcales;f__Methanocaldococcaceae;g__Methanocaldococcus_A;s__Methanocaldococcus_A villosus
ref_Bacteroidetes_bacterium_strain_SZUA_561_MMP09288109__QKHT01000160.1_005_002565_003389_neg_cluster_III	d__Bacteria;p__Bacteroidota;c__Bacteroidia;o__Bacteroidales;f__UBA5342;g__SZUA-561;s__SZUA-561 sp003249935
ref_Methanosarcina_mazei_1_F_M_0_5_MMP02708967__JJQE01000011.1_014_017363_019630_neg_cluster_IV	d__Archaea;p__Halobacterota;c__Methanosarcinia;o__Methanosarcinales;f__Methanosarcinaceae;g__Methanosarcina;s__Methanosarcina mazei
ref_Roseospirillum_parvum_930I_MMP05421742__FNCV01000009.1_003_003365_004252_neg_cluster_I	d__Bacteria;p__Proteobacteria;c__Alphaproteobacteria;o__Rhodospirillales;f__Rhodospirillaceae;g__Roseospirillum;s__Roseospirillum parvum
ref_Thioalbus_denitrificans_DSM_26407_MMP09074856__NZ_QPJY01000002.1_MMP09074856_343_391482_392375_pos_cluster_I	d__Bacteria;p__Proteobacteria;c__Gammaproteobacteria
ref_Deltaproteobacteria_bacterium_strain_SZUA_265_MMP09287813__QJWJ01000429.1_038_029025_029900_pos_cluster_I	d__Bacteria;p__Myxococcota;c__Polyangia;o__Polyangiales;f__Polyangiaceae;g__SZUA-265;s__SZUA-265 sp003235365
ref_Methanosarcina_sp_MMP03074591__NZ_CP009505.1_1945_2377717_2380104_neg_cluster_IV	d__Archaea;p__Halobacterota;c__Methanosarcinia;o__Methanosarcinales;f__Methanosarcinaceae;g__MTP4;s__MTP4 sp000970045
ref_Desulfomicrobium_norvegicum_Norway_4_MMP05421830__FOTO01000012.1_047_043430_044260_pos_cluster_III	d__Bacteria;p__Desulfobacterota_A;c__Desulfovibrionia;o__Desulfovibrionales;f__Desulfomicrobiaceae;g__Desulfomicrobium;s__Desulfomicrobium norvegicum
ref_Methanocaldococcus_vulcanius_MMP02598493__CP001787.1_0882_0865455_0866288_pos_cluster_IV	d__Archaea;p__Euryarchaeota;c__Methanococci;o__Methanococcales;f__Methanocaldococcaceae;g__Methanocaldococcus;s__Methanocaldococcus vulcanius
ref_Leptolyngbya_PCC_7375_MMP02256520__NZ_JH993797.1_1067_1160216_1161094_pos_cluster_I	d__Bacteria;p__Cyanobacteria;c__Cyanobacteriia;o__Phormidesmiales;f__Phormidesmiaceae;g__PCC-7375;s__PCC-7375 sp000316115
ref_Methanococcus_maripaludis_MMP02598423__CP000867.1_0824_0745921_0746916_pos_cluster_IV	d__Archaea;p__Euryarchaeota;c__Methanococci;o__Methanococcales;f__Methanococcaceae;g__Methanococcus;s__Methanococcus maripaludis_C
ref_Methanoculleus_MMP04125645__LKUD01000004.1_043_37069_37881_neg_cluster_IV	d__Archaea;p__Halobacterota;c__Methanomicrobia;o__Methanomicrobiales;f__Methanomicrobiaceae;g__LKUD01;s__LKUD01 sp001412355
ref_Coleofasciculus_chthonoplastes_PCC_7420_MMP02436227__NZ_0DS989843.1_36_054196_055020_neg_cluster_III	d__Bacteria;p__Cyanobacteria;c__Cyanobacteriia;o__Cyanobacteriales;f__Coleofasciculaceae;g__Coleofasciculus;s__Coleofasciculus chthonoplastes
ref_Nitrospirae_bacterium_strain_SZUA_242_MMP09287790__QJVM01000189.1_14_11030_11971_pos_cluster_I	d__Bacteria;p__Nitrospirota;c__Thermodesulfovibrionia;o__SZUA-242;f__SZUA-242;g__SZUA-242;s__SZUA-242 sp003235715
ref_Desulfobacterium_vacuolatum_IbRM_MMP02746065__FWXY01000001.1_MMP02746065_294_351543_353747_pos_cluster_IV	d__Bacteria;p__Desulfobacterota;c__Desulfobacteria;o__Desulfobacterales;f__Desulfobacteraceae;g__Desulfobacterium_A;s__Desulfobacterium_A vacuolatum
ref_Desulfotalea_NORP6_MMP07568820__NVXR01000005.1_MMP07568820_140_160182_161012_pos_cluster_III	d__Bacteria;p__Desulfobacterota;c__Desulfobulbia;o__Desulfobulbales;f__Desulfocapsaceae;g__Desulforhopalus;s__Desulforhopalus sp002733995
ref_Methanosarcina_acetivorans_MMP03081414__AE010299.1_2105_2521860_2524127_pos_cluster_IV	d__Archaea;p__Halobacterota;c__Methanosarcinia;o__Methanosarcinales;f__Methanosarcinaceae;g__Methanosarcina;s__Methanosarcina acetivorans
ref_Desulfotomaculum_arcticum_15_MMP05660649__FOOX01000003.1_087_092633_093451_pos_cluster_III	d__Bacteria;p__Firmicutes_B;c__Desulfotomaculia;o__Desulfotomaculales;f__Desulfotomaculaceae_A;g__Desulfotomaculum_C;s__Desulfotomaculum_C arcticum
ref_filamentous_cyanobacterium_CCP2_MMP08617412__PVWD01000233.1_0MMP08617412_1_00037_00933_neg_cluster_I	d__Bacteria;p__Cyanobacteria;c__Cyanobacteriia;o__Elainellales;f__Elainellaceae;g__CCP2;s__CCP2 sp003003615
ref_Methanoplanus_petrolearius_MMP00017400__CP002117.1_2371_2382919_2383743_pos_cluster_IV	d__Archaea;p__Halobacterota;c__Methanomicrobia;o__Methanomicrobiales;f__Methanomicrobiaceae;g__Methanolacinia;s__Methanolacinia petrolearia
ref_OceanDNA_b22022__1869_02_00334_01677_pos_cluster_IV	d__Bacteria;p__Planctomycetota;c__PUPC01;o__;f__;g__;s__
ref_Desulfobacter_curvatus_AcRM3_MMP02441374__NZ_0KB893046.1_40_044833_045660_neg_cluster_II	d__Bacteria;p__Desulfobacterota;c__Desulfobacteria;o__Desulfobacterales;f__Desulfobacteraceae;g__Desulfobacter;s__Desulfobacter curvatus
ref_Methanolobus_vulcani_PL_12_M_MMP04488589__FNCA01000001.1_208_243649_244446_pos_cluster_IV	d__Archaea;p__Halobacterota;c__Methanosarcinia;o__Methanosarcinales;f__Methanosarcinaceae;g__Methanolobus;s__Methanolobus vulcani
ref_Methanosarcina_mazei_1_H_M_2_1_MMP02708980__JJQU01000021.1_54_62607_63512_pos_cluster_IV	d__Archaea;p__Halobacterota;c__Methanosarcinia;o__Methanosarcinales;f__Methanosarcinaceae;g__Methanosarcina;s__Methanosarcina mazei
ref_Methanothermococcus_thermolithotrophicus_DSM_2095_MMP02440415__AQXV01000055.1_132_138263_139117_neg_cluster_II	d__Archaea;p__Euryarchaeota;c__Methanococci;o__Methanococcales;f__Methanococcaceae;g__Methanothermococcus;s__Methanothermococcus thermolithotrophicus
ref_Delta_proteobacterium_NapHS2_MMP02436561__NZ_0ADZZ01000138.1_15_011029_011853_pos_cluster_III	d__Bacteria;p__Desulfobacterota;c__Desulfobacteria;o__Desulfatiglandales;f__NaphS2;g__NaphS2;s__NaphS2 sp000179315
ref_Methanothermococcus_thermolithotrophicus_DSM_2095_MMP02440415__AQXV01000052.1_063_061091_061969_pos_cluster_IV	d__Archaea;p__Euryarchaeota;c__Methanococci;o__Methanococcales;f__Methanococcaceae;g__Methanothermococcus;s__Methanothermococcus thermolithotrophicus
ref_OceanDNA_b29508__025_032_032366_033508_pos_cluster_I	d__Bacteria;p__Proteobacteria;c__Alphaproteobacteria;o__Rhodobacterales;f__Rhodobacteraceae;g__Marinibacterium;s__
ref_Halodesulfovibrio_sp__strain_SZUA_473_MMP09288021__QKEJ01000123.1_11_10888_11718_neg_cluster_III	d__Bacteria;p__Desulfobacterota_A;c__Desulfovibrionia;o__Desulfovibrionales;f__Desulfovibrionaceae;g__Halodesulfovibrio;s__Halodesulfovibrio sp003252375
ref_Denitrovibrio_acetiphilus_MMP02598464__CP001968.1_1043_1094846_1095718_pos_cluster_I	d__Bacteria;p__Deferribacterota;c__Deferribacteres;o__Deferribacterales;f__Denitrovibrionaceae;g__Denitrovibrio;s__Denitrovibrio acetiphilus
ref_Methanoculleus_MH98A_MMP02738432__JMIO01000135.1_002_001312_002130_neg_cluster_IV	d__Archaea;p__Halobacterota;c__Methanomicrobia;o__Methanomicrobiales;f__Methanocullaceae;g__Methanoculleus;s__Methanoculleus sp000691865
ref_Rhodovulum_sp_MMP06610252__CP020384.1_MMP06610252_3359_3587645_3588472_neg_cluster_II	d__Bacteria;p__Proteobacteria;c__Alphaproteobacteria;o__Rhodobacterales;f__Rhodobacteraceae;g__Rhodovulum;s__Rhodovulum sp002073975
ref_Desulfobacter_postgatei_2ac9_MMP02261381__CM001488.1_3185_3471324_3472148_pos_cluster_III	d__Bacteria;p__Desulfobacterota;c__Desulfobacteria;o__Desulfobacterales;f__Desulfobacteraceae;g__Desulfobacter;s__Desulfobacter postgatei
ref_Methanococcus_vannielii_MMP02598403__CP000742.1_1184_1166538_1167416_neg_cluster_IV	d__Archaea;p__Euryarchaeota;c__Methanococci;o__Methanococcales;f__Methanococcaceae;g__Methanococcus;s__Methanococcus vannielii
ref_Methanobacterium_sp_MMP05928840__CP017766.1_0MMP05928840_363_0353542_0354339_pos_cluster_IV	d__Archaea;p__Euryarchaeota;c__Methanobacteria;o__Methanobacteriales;f__Methanobacteriaceae;g__Methanobacterium;s__Methanobacterium subterraneum
ref_Clostridia_bacterium_strain_SZUA_610_MMP09288158__QKJQ01000027.1_185_233241_234059_neg_cluster_III	d__Bacteria;p__Firmicutes_A;c__Clostridia;o__Lachnospirales;f__Lachnospiraceae;g__SZUA-448;s__SZUA-448 sp003249225
ref_Cyanothece_ATCC_51472_MMP02256525__NZ_AGJC02000001.1_1582_1701851_1702834_pos_cluster_I	d__Bacteria;p__Cyanobacteria;c__Cyanobacteriia;o__Cyanobacteriales;f__Microcystaceae;g__Crocosphaera;s__Crocosphaera sp000017845
ref_Raoultella_ornithinolytica_BAL286_MMP03072844__NZ_JXXF01000028.1_55_063679_064560_pos_cluster_I	d__Bacteria;p__Proteobacteria;c__Gammaproteobacteria;o__Enterobacterales;f__Enterobacteriaceae;g__Raoultella;s__Raoultella ornithinolytica
ref_Methanosarcina_sp_MMP03074593__NZ_CP009504.1_1728_1996245_1998554_neg_cluster_IV	d__Archaea;p__Halobacterota;c__Methanosarcinia;o__Methanosarcinales;f__Methanosarcinaceae;g__Methanosarcina;s__Methanosarcina sp000969965
ref_Acuticoccus_sp__PTG4_2_MMP09079831__QHHQ01000003.1_0MMP09079831_354_0377497_0378381_neg_cluster_I	d__Bacteria;p__Proteobacteria;c__Alphaproteobacteria;o__Rhizobiales;f__Amorphaceae;g__Acuticoccus;s__Acuticoccus sp003258595
ref_Desulfonema_ishimotonii_strain_Tokyo_01_MMP00098745__BEXT01000001.1_MMP00098745_2734_3508842_3509666_pos_cluster_III	d__Bacteria;p__Desulfobacterota;c__Desulfobacteria;o__Desulfobacterales;f__Desulfococcaceae
ref_Methanococcus_voltae_MMP00000040__CP002057.1_0699_0771128_0771964_neg_cluster_IV	d__Archaea;p__Euryarchaeota;c__Methanococci;o__Methanococcales;f__Methanococcaceae;g__Methanococcus;s__Methanococcus voltae
ref_Trichodesmium_erythraeum_MMP02598485__CP000393.1_4388_6380808_6381698_pos_cluster_I	d__Bacteria;p__Cyanobacteria;c__Cyanobacteriia;o__Cyanobacteriales;f__Phormidiaceae;g__Trichodesmium;s__Trichodesmium erythraeum
ref_Desulfotomaculum_reducens_MMP02598304__CP000612.1_3002_3061934_3062752_neg_cluster_III	d__Bacteria;p__Firmicutes_B;c__Desulfotomaculia;o__Desulfotomaculales;f__Desulfotomaculaceae;g__Desulfotomaculum_H;s__Desulfotomaculum_H reducens
ref_OceanDNA_b16098__003_13_11720_12610_neg_cluster_I	d__Bacteria;p__Cyanobacteria;c__Cyanobacteriia;o__Cyanobacteriales;f__Nostocaceae;g__Richelia;s__Richelia intracellularis_B
ref_Methanosarcina_acetivorans_MMP03081414__AE010299.1_3806_4471450_4472247_neg_cluster_IV	d__Archaea;p__Halobacterota;c__Methanosarcinia;o__Methanosarcinales;f__Methanosarcinaceae;g__Methanosarcina;s__Methanosarcina acetivorans
ref_Thermosulfurimonas_dismutans_S95_MMP04623574__LWLG01000003.1_042_024588_025421_pos_cluster_II	d__Bacteria;p__Desulfobacterota;c__Thermodesulfobacteria;o__Thermodesulfobacteriales;f__Thermodesulfobacteriaceae;g__Thermosulfurimonas;s__Thermosulfurimonas dismutans
ref_Epsilonproteobacteria_bacterium_tcs_49_MMP03267309__LLYS01000005.1_139_145827_146744_neg_cluster_I	d__Bacteria;p__Campylobacterota;c__Campylobacteria;o__Campylobacterales;f__Sulfurovaceae;g__TCS-49;s__TCS-49 sp002049495
ref_OceanDNA_b17183__213_05_02961_03779_neg_cluster_II	d__Bacteria;p__Firmicutes_A;c__Clostridia;o__Lachnospirales;f__Lachnospiraceae;g__Hungatella;s__
ref_Rhodopseudomonas_palustris_strain_XCP_MMP09388146__QKQS01000006.1_0MMP09388146_443_0503310_0504137_pos_cluster_II	d__Bacteria;p__Proteobacteria;c__Alphaproteobacteria;o__Rhizobiales;f__Xanthobacteraceae;g__Rhodopseudomonas;s__Rhodopseudomonas palustris_I
ref_Methanopyrus_kandleri_MMP02603235__AE009439.1_1529_1444991_1445791_neg_cluster_IV	d__Archaea;p__Euryarchaeota;c__Methanopyri;o__Methanopyrales;f__Methanopyraceae;g__Methanopyrus;s__Methanopyrus kandleri
ref_Pseudomonas_stutzeri_BAL361_MMP03072113__NZ_0JXXD01000121.1_5_003769_004659_neg_cluster_I	d__Bacteria;p__Proteobacteria;c__Gammaproteobacteria;o__Pseudomonadales;f__Pseudomonadaceae;g__Pseudomonas_A;s__Pseudomonas_A stutzeri_AD
ref_Kiritimatiellales_bacterium_strain_SZUA_380_MMP09287928__QKAU01000017.1_072_080045_080866_pos_cluster_III	d__Bacteria;p__Verrucomicrobiota;c__Kiritimatiellae;o__Kiritimatiellales;f__UBA1859;g__SZUA-380;s__SZUA-380 sp003246265
ref_Clostridium_acetobutylicum_strain_WA_MMP08111980__NZ_0PIQQ01000006.1_MMP08111980_24_024392_025210_pos_cluster_III	d__Bacteria;p__Firmicutes_A;c__Clostridia;o__Clostridiales;f__Clostridiaceae;g__Clostridium_S;s__Clostridium_S acetobutylicum
ref_TARA_SAMN05326645_METAG_PSE00065__361_03_02448_03206_neg_cluster_IV	d__Bacteria;p__Firmicutes_A;c__Clostridia;o__Peptostreptococcales;f__Caminicellaceae;g__Maledivibacter;s__
ref_OceanDNA_b38867__046_20_15827_16711_pos_cluster_I	d__Bacteria;p__Proteobacteria;c__Gammaproteobacteria;o__Pseudomonadales;f__Nitrincolaceae;g__Motiliproteus;s__
ref_Methyloprofundus_sedimenti_WF1_MMP04347413__LPUF01000003.1_00MMP04347413_52_0045716_0046591_neg_cluster_I	d__Bacteria;p__Proteobacteria;c__Gammaproteobacteria;o__Methylococcales;f__Methylomonadaceae;g__Methyloprofundus;s__Methyloprofundus sedimenti
ref_ANME_1_cluster_archaeon_CONS3730B06UFb1_MMP08574241__QENH01000192.1_MMP08574241_23_22942_23826_neg_cluster_IV	d__Archaea;p__Halobacterota;c__Syntrophoarchaeia;o__ANME-1;f__ANME-1
ref_ANME_2_cluster_archaeon_HR1_MMP06562579__MZXQ01000108.1_0MMP06562579_3_02148_02891_pos_cluster_IV	d__Archaea;p__Halobacterota;c__Methanosarcinia;o__Methanosarcinales;f__HR1;g__HR1;s__HR1 sp002926195
ref_OceanDNA_b21004__008_08_09819_10706_neg_cluster_IV	d__Bacteria;p__Myxococcota;c__UBA9042;o__UBA9042;f__UBA9042;g__UBA9042;s__UBA9042 sp002726535
ref_OceanDNA_b20993__0627_01_00001_00843_neg_cluster_II	d__Bacteria;p__Myxococcota;c__UBA9042;o__PWKZ01;f__;g__;s__
ref_Methanolacinia_paynteri_DSM_2545_MMP03196739__0000KN360930.1_041_040620_042815_neg_cluster_IV	d__Archaea;p__Halobacterota;c__Methanomicrobia;o__Methanomicrobiales;f__Methanomicrobiaceae;g__Methanolacinia;s__Methanolacinia paynteri
ref_Methanospirillum_lacunae_strain_Ki8_1_MMP09236929__QGMY01000009.1_0MMP09236929_81_069768_070682_pos_cluster_IV	d__Archaea;p__Halobacterota;c__Methanomicrobia;o__Methanomicrobiales;f__Methanospirillaceae;g__Methanospirillum;s__Methanospirillum lacunae
ref_Methanocaldococcus_sp_MMP02598520__CP001901.1_0032_0026352_0027209_pos_cluster_II	d__Archaea;p__Euryarchaeota;c__Methanococci;o__Methanococcales;f__Methanocaldococcaceae;g__Methanocaldococcus;s__Methanocaldococcus sp000025525
ref_Desulfatibacillum_aliphaticivorans_CV2803_MMP02441551__NZ_AUCT01000007.1_139_177105_179333_pos_cluster_IV	d__Bacteria;p__Desulfobacterota;c__Desulfobacteria;o__Desulfobacterales;f__Desulfatibacillaceae;g__Desulfatibacillum;s__Desulfatibacillum aliphaticivorans
ref_OceanDNA_b20992__012_035_044748_045575_pos_cluster_II	d__Bacteria;p__Myxococcota;c__UBA9042;o__UBA3505;f__UBA3505;g__UBA3505;s__UBA3505 sp002728755
ref_OceanDNA_b13342__04_064_058763_059677_neg_cluster_I	d__Bacteria;p__Campylobacterota;c__Campylobacteria;o__Campylobacterales;f__Arcobacteraceae;g__Arcobacter;s__
ref_Photobacterium_gaetbulicola_MMP03379852__NZ_CP005974.1_2543_2855891_2856709_neg_cluster_I	d__Bacteria;p__Proteobacteria;c__Gammaproteobacteria;o__Enterobacterales;f__Vibrionaceae;g__Photobacterium;s__Photobacterium gaetbulicola
ref_Lebetimonas_JS032_MMP02203751__NZ_ATHS01000001.1_1624_1497051_1497962_pos_cluster_I	d__Bacteria;p__Campylobacterota;c__Campylobacteria;o__Nautiliales;f__Nautiliaceae;g__Lebetimonas;s__Lebetimonas sp000523275
ref_Vallitalea_guaymasensis_strain_L81_MMP08944605__NZ_0QMDO01000001.1_MMP08944605_630_0693320_0694084_neg_cluster_IV	d__Bacteria;p__Firmicutes_A;c__Clostridia;o__Lachnospirales;f__Vallitaleaceae;g__Vallitalea;s__Vallitalea guaymasensis
ref_Phormidium_sp__HE10JO_MMP33079168__NZ_0FSSI02000041.1_MMP33079168_16_015720_016550_pos_cluster_III	d__Bacteria;p__Cyanobacteria;c__Cyanobacteriia;o__Cyanobacteriales;f__Geitlerinemaceae;g__Phormidium_A;s__Phormidium_A willei
ref_Rivularia_sp_MMP02232049__CP003549.1_6271_8056704_8057534_neg_cluster_I	d__Bacteria;p__Cyanobacteria;c__Cyanobacteriia;o__Cyanobacteriales;f__Nostocaceae;g__Rivularia;s__Rivularia sp000316665
ref_Thermodesulfatator_indicus_MMP02232057__CP002683.1_1056_1108848_1109675_pos_cluster_II	d__Bacteria;p__Desulfobacterota;c__Thermodesulfobacteria;o__Thermodesulfobacteriales;f__Thermodesulfatatoraceae;g__Thermodesulfatator;s__Thermodesulfatator indicus
ref_Desulfovibrio_fructosovorans_JJ_MMP00103625__NZ_0AECZ01000014.1_94_105509_106333_neg_cluster_III	d__Bacteria;p__Desulfobacterota_A;c__Desulfovibrionia;o__Desulfovibrionales;f__Desulfovibrionaceae;g__Desulfovibrio_F;s__Desulfovibrio_F fructosivorans
ref_Methanosarcina_acetivorans_MMP03081414__AE010299.1_1240_1437519_1438346_pos_cluster_II	d__Archaea;p__Halobacterota;c__Methanosarcinia;o__Methanosarcinales;f__Methanosarcinaceae;g__Methanosarcina;s__Methanosarcina acetivorans
ref_Kyrpidia_sp_MMP08045872__CP024955.1_MMP08045872_1592_1585160_1586071_pos_cluster_I	d__Bacteria;p__Firmicutes_K;c__Alicyclobacillia;o__Kyrpidiales;f__Kyrpidiaceae;g__Kyrpidia;s__Kyrpidia sp002804065
ref_Clostridiales_bacterium_MMP4890528__NZ_LR130778.1_MMP4890528_2255_2459170_2459991_pos_cluster_II	d__Bacteria;p__Firmicutes_A;c__Clostridia;o__Lachnospirales;f__Vallitaleaceae;g__HGW-2
ref_Desulfurobacterium_atlanticum_SL22_MMP06265340__FZOB01000004.1_0MMP06265340_89_085182_086075_neg_cluster_I	d__Bacteria;p__Aquificota;c__Desulfurobacteriia;o__Desulfurobacteriales;f__Desulfurobacteriaceae;g__Desulfurobacterium_A;s__Desulfurobacterium_A atlanticum
ref_Thiobacillus_prosperus_LM3_MMP02990926__NZ_0JQSG01000018.1_41_038284_039177_pos_cluster_I	d__Bacteria;p__Proteobacteria;c__Gammaproteobacteria;o__Ectothiorhodospirales;f__Acidihalobacteraceae;g__Acidihalobacter;s__Acidihalobacter prosperus
ref_Deltaproteobacteria_bacterium_UBA3076_MMP06455131__DFBQ01000120.1_03_01204_02028_pos_cluster_II	d__Bacteria;p__Desulfobacterota;c__Dissulfuribacteria;o__Dissulfuribacterales;f__UBA3076;g__UBA3076;s__UBA3076 sp002367355
ref_OceanDNA_b17187__1865_02_00289_01068_neg_cluster_III	d__Bacteria;p__Firmicutes_A;c__Clostridia;o__SK-Y3;f__SK-Y3;g__;s__
ref_Azoarcus_toluclasticus_MF63_MMP02441344__NZ_KB899493.1_262_290533_291402_pos_cluster_I	d__Bacteria;p__Proteobacteria;c__Gammaproteobacteria;o__Burkholderiales;f__Rhodocyclaceae;g__Azoarcus_A;s__Azoarcus_A toluclasticus
ref_Thioflavicoccus_mobilis_MMP02232063__CP003051.1_3184_3554953_3555834_neg_cluster_I	d__Bacteria;p__Proteobacteria;c__Gammaproteobacteria;o__Chromatiales;f__Chromatiaceae;g__Thioflavicoccus;s__Thioflavicoccus mobilis
ref_Paenibacillus_durus_MMP03010338__CP009288.1_4446_5051676_5052560_neg_cluster_I	d__Bacteria;p__Firmicutes_I;c__Bacilli_A;o__Paenibacillales;f__Paenibacillaceae;g__Paenibacillus;s__Paenibacillus durus
ref_Clostridium_grantii_A_1_MMP02745207__NZ_0FQXM01000009.1_72_087100_087936_pos_cluster_III	d__Bacteria;p__Firmicutes_A;c__Clostridia;o__Clostridiales;f__Clostridiaceae;g__Clostridium_AF;s__Clostridium_AF grantii
ref_Oceanotoga_teriensis_strain_DSM_24906_MMP08769563__QGGI01000006.1_0MMP08769563_94_094176_094922_neg_cluster_IV	d__Bacteria;p__Thermotogota;c__Thermotogae;o__Petrotogales;f__Petrotogaceae;g__Oceanotoga;s__Oceanotoga teriensis
ref_OceanDNA_b39175__0683_02_0789_1418_neg_cluster_I	d__Bacteria;p__Proteobacteria;c__Gammaproteobacteria;o__Pseudomonadales;f__Porticoccaceae;g__50-400-T64;s__
ref_Methanosarcina_acetivorans_MMP03081414__AE010299.1_1676_1955192_1956043_pos_cluster_IV	d__Archaea;p__Halobacterota;c__Methanosarcinia;o__Methanosarcinales;f__Methanosarcinaceae;g__Methanosarcina;s__Methanosarcina acetivorans
ref_Geofilum_rubicundum_JCM_15548_MMP00000449__NZ_BAZW01000003.1_124_136813_137637_neg_cluster_III	d__Bacteria;p__Bacteroidota;c__Bacteroidia;o__Bacteroidales;f__Marinilabiliaceae;g__Geofilum;s__Geofilum rubicundum
ref_Desulfoluna_spongiiphila_AA1_MMP05216233__FMUX01000042.1_007_009539_010363_pos_cluster_III	d__Bacteria;p__Desulfobacterota;c__Desulfobacteria;o__Desulfobacterales;f__Desulfobacteraceae;g__Desulfoluna;s__Desulfoluna spongiiphila
ref_OceanDNA_b17183__133_06_05006_05758_pos_cluster_IV	d__Bacteria;p__Firmicutes_A;c__Clostridia;o__Lachnospirales;f__Lachnospiraceae;g__Hungatella;s__
ref_Desulfovibrio_dechloracetivorans_BerOc1_MMP04041570__NZ_0LKAQ01000001.1_769_0858948_0859778_neg_cluster_III	d__Bacteria;p__Desulfobacterota_A;c__Desulfovibrionia;o__Desulfovibrionales;f__Desulfovibrionaceae;g__Pseudodesulfovibrio;s__Pseudodesulfovibrio dechloracetivorans
ref_Agarivorans_gilvus_MMP04215004__NZ_0CP013021.1_348_0365630_0366508_pos_cluster_I	d__Bacteria;p__Proteobacteria;c__Gammaproteobacteria;o__Enterobacterales;f__Psychromonadaceae_A;g__Agarivorans;s__Agarivorans gilvus
ref_Xanthobacter_126_MMP02584915__NZ_JAFO01000001.1_4634_5004294_5005178_pos_cluster_I	d__Bacteria;p__Proteobacteria;c__Alphaproteobacteria;o__Rhizobiales;f__Xanthobacteraceae;g__Xanthobacter;s__Xanthobacter sp000702385
ref_Methanococcus_aeolicus_MMP00623051__CP000743.1_1450_1488055_1488906_neg_cluster_II	d__Archaea;p__Euryarchaeota;c__Methanococci;o__Methanococcales;f__Methanococcaceae;g__Methanothermococcus_A;s__Methanothermococcus_A aeolicus
ref_Clostridium_papyrosolvens_DSM_2782_MMP00002727__NZ_0ACXX02000015.1_82_082730_083551_pos_cluster_II	d__Bacteria;p__Firmicutes_A;c__Clostridia;o__Acetivibrionales;f__Acetivibrionaceae;g__Ruminiclostridium_A;s__Ruminiclostridium_A papyrosolvens
ref_Desulfovibrio_frigidus_18_MMP02745701__NZ_0JONL01000005.1_23_029162_030001_pos_cluster_III	d__Bacteria;p__Desulfobacterota_A;c__Desulfovibrionia;o__Desulfovibrionales;f__Desulfovibrionaceae;g__Desulfovibrio_H;s__Desulfovibrio_H frigidus
ref_001_WP_039801084.1 MULTISPECIES: nitrogenase iron protein [Azotobacter]_cluster_I	No_taxonomy_found
query_megahit_4134_2-409	No_taxonomy_found
query_megahit_18642_14783-15553	No_taxonomy_found
query_megahit_210182_120558-121328	No_taxonomy_found
query_megahit_415464_3-302	No_taxonomy_found
query_megahit_818363_131246-132019	No_taxonomy_found
query_megahit_965543_30258-31004	No_taxonomy_found
query_megahit_1040366_1468-1986	No_taxonomy_found
query_megahit_1046421_12286-13185	No_taxonomy_found
query_megahit_1091241_2042-2821	No_taxonomy_found
query_megahit_1126091_170087-170863	No_taxonomy_found
query_megahit_1475486_15811-16683	No_taxonomy_found
query_megahit_1525222_557-997	No_taxonomy_found
query_megahit_1563556_18224-19051	No_taxonomy_found
query_megahit_2043963_40555-41334	No_taxonomy_found
query_megahit_2094131_2-688	No_taxonomy_found
query_megahit_2318428_3215-4033	No_taxonomy_found
query_megahit_2591713_19099-19887	No_taxonomy_found
query_megahit_2651942_2-619	No_taxonomy_found
query_megahit_2800614_1-300	No_taxonomy_found
query_megahit_3507257_21-767	No_taxonomy_found
query_megahit_3766819_2354-3142	No_taxonomy_found
query_megahit_3984312_39959-40729	No_taxonomy_found
query_megahit_4032467_1044-1814	No_taxonomy_found
query_megahit_4203613_3-476	No_taxonomy_found
query_megahit_4304559_1686-2114	No_taxonomy_found
query_megahit_4664342_1-666	No_taxonomy_found
query_megahit_4674604_3392-4219	No_taxonomy_found
query_megahit_4896470_1399-2223	No_taxonomy_found
query_megahit_4917545_2-424	No_taxonomy_found
query_megahit_4963557_46544-47341	No_taxonomy_found
query_megahit_5184525_34023-34895	No_taxonomy_found
query_megahit_5524417_17823-18653	No_taxonomy_found
query_megahit_6060058_13414-14442	No_taxonomy_found
query_megahit_6198524_7982-8767	No_taxonomy_found
query_megahit_6469462_898-1686	No_taxonomy_found
query_megahit_6590313_5887-6852	No_taxonomy_found
query_megahit_7344026_12139-12924	No_taxonomy_found
query_megahit_7848949_473-1258	No_taxonomy_found
query_megahit_7936431_34333-35205	No_taxonomy_found
query_megahit_8107110_1-699	No_taxonomy_found
